{
	"class_name" : "PinholeCameraParameters",
	"extrinsic" : 
	[
		0.70710678118654757,
		-0.0,
		-0.57735026918962584,
		0.0,
		0.0,
		-1.0,
		0.57735026918962584,
		0.0,
		-0.70710678118654757,
		-0.0,
		-0.57735026918962584,
		0.0,
		-0.0,
		-0.1180000000000001,
		1.3590825336723795,
		1.0
	],
	"intrinsic" : 
	{
		"height" : 991,
		"intrinsic_matrix" : 
		[
			858.2311751503787,
			0.0,
			0.0,
			0.0,
			858.2311751503787,
			0.0,
			959.5,
			495.0,
			1.0
		],
		"width" : 1920
	},
	"version_major" : 1,
	"version_minor" : 0
}