{
	"class_name" : "PinholeCameraParameters",
	"extrinsic" : 
	[
		0.75681788239595049,
		-0.054741710258630089,
		-0.65132943895057405,
		0.0,
		0.13507382322544359,
		-0.96187830190521528,
		0.23779233503879241,
		0.0,
		-0.63951681382507142,
		-0.26794304895238441,
		-0.7205725274759851,
		0.0,
		-0.037856233769448355,
		0.19268445916743457,
		1.7391524037713524,
		1.0
	],
	"intrinsic" : 
	{
		"height" : 991,
		"intrinsic_matrix" : 
		[
			858.2311751503787,
			0.0,
			0.0,
			0.0,
			858.2311751503787,
			0.0,
			959.5,
			495.0,
			1.0
		],
		"width" : 1920
	},
	"version_major" : 1,
	"version_minor" : 0
}